PLAYER_NAME,TEAM_ABBREVIATION,AGE,HEIGHT,WEIGHT,EXP,FGM,STL,PFD,AST
A.J. Lawson,TOR,24,"6'6""",179,2,74,12,32,29
AJ Green,MIL,25,"6'4""",190,2,176,36,48,101
AJ Johnson,WAS,20,"6'5""",160,R,73,10,26,67
Aaron Gordon,DEN,29,"6'8""",235,10,244,20,130,161
Aaron Holiday,HOU,28,"6'0""",185,6,111,19,45,77
Aaron Nesmith,IND,25,"6'6""",215,4,181,34,72,52
Aaron Wiggins,OKC,26,"6'5""",190,3,333,56,58,125
Adam Flagler,OKC,25,"6'3""",180,1,18,7,0,8
Adama Sanogo,CHI,23,,,,4,0,1,1
Adem Bona,PHI,22,"6'10""",235,R,121,24,82,26
Ajay Mitchell,OKC,22,"6'5""",190,R,84,24,50,57
Al Horford,BOS,38,"6'9""",240,17,190,35,35,128
Alec Burks,MIA,33,"6'5""",214,13,111,27,43,52
Alex Caruso,OKC,31,"6'5""",186,7,140,87,62,137
Alex Ducas,OKC,24,"6'7""",220,R,10,5,0,3
Alex Len,LAL,31,"7'0""",250,11,30,9,18,37
Alex Reese,PHI,25,"6'9""",245,R,26,10,10,4
Alex Sarr,WAS,19,"7'0""",205,R,320,43,121,154
Alondes Williams,DET,25,,,,2,0,0,1
Alperen Sengun,HOU,22,"6'11""",243,3,560,84,406,368
Amen Thompson,HOU,22,"6'7""",200,1,382,96,173,259
Amir Coffey,LAC,27,"6'7""",210,5,240,40,95,77
Andre Drummond,PHI,31,"6'11""",279,12,117,39,69,34
Andre Jackson Jr.,MIL,23,"6'6""",209,1,87,34,26,79
Andrew Nembhard,IND,25,"6'4""",191,2,245,77,128,315
Andrew Wiggins,MIA,30,"6'7""",197,10,372,58,172,155
Anfernee Simons,POR,25,"6'3""",200,6,479,60,140,337
Anthony Black,ORL,21,"6'7""",200,1,246,81,176,231
Anthony Davis,DAL,32,"6'10""",253,12,460,59,271,171
Anthony Edwards,MIN,23,"6'4""",225,4,689,86,329,346
Anthony Gill,WAS,32,"6'8""",230,4,43,9,37,16
Anton Watson,NYK,24,"6'8""",225,R,4,1,0,2
Antonio Reeves,NOP,22,"6'5""",205,R,93,17,13,32
Ariel Hukporti,NYK,22,"6'11""",246,R,21,1,13,11
Armel Traoré,LAL,22,,,,6,4,5,1
Ausar Thompson,DET,22,"6'6""",205,1,242,98,126,132
Austin Reaves,LAL,26,"6'5""",197,3,468,79,319,415
Ayo Dosunmu,CHI,25,"6'5""",200,3,221,43,63,208
Bam Adebayo,MIA,27,"6'9""",255,7,532,96,306,333
Baylor Scheierman,BOS,24,"6'6""",205,R,35,13,15,29
Ben Sheppard,IND,23,"6'6""",190,1,120,38,35,85
Ben Simmons,LAC,28,"6'10""",240,6,116,38,56,282
Bennedict Mathurin,IND,22,"6'5""",210,2,380,44,238,132
Bilal Coulibaly,WAS,20,"6'8""",195,1,263,78,143,199
Bismack Biyombo,SAS,32,"6'8""",255,13,63,15,28,30
Blake Wesley,SAS,22,"6'3""",185,2,76,35,51,106
Bobby Portis,MIL,30,"6'10""",250,9,265,33,69,103
Bobi Klintman,DET,22,"6'9""",225,R,0,0,1,1
Bogdan Bogdanović,LAC,32,"6'5""",225,7,207,40,72,144
Bol Bol,PHX,25,"7'3""",220,5,96,9,18,22
Bones Hyland,MIN,24,"6'2""",169,3,47,18,17,32
Bradley Beal,PHX,31,"6'4""",207,12,337,58,114,189
Branden Carlson,OKC,25,"7'0""",220,R,29,5,9,11
Brandin Podziemski,GSW,22,"6'4""",205,1,269,65,116,213
Brandon Boston,NOP,23,"6'6""",188,3,166,53,67,92
Brandon Clarke,MEM,28,"6'8""",215,5,236,52,79,66
Brandon Ingram,TOR,27,"6'8""",190,8,155,16,66,93
Brandon Miller,CHA,22,"6'7""",200,1,198,29,72,98
Brandon Williams,DAL,25,"6'1""",190,2,91,23,54,73
Braxton Key,GSW,28,"6'8""",225,3,0,2,1,0
Brice Sensabaugh,UTA,21,"6'5""",235,1,261,44,45,101
Bronny James,LAL,20,"6'3""",210,R,18,5,9,15
Brook Lopez,MIL,37,"7'1""",282,16,388,50,131,141
Bruce Brown,NOP,28,"6'4""",202,6,130,34,48,84
Bruno Fernando,TOR,26,,,,26,4,10,18
Bryce McGowens,POR,22,"6'6""",190,2,4,1,5,2
Bub Carrington,WAS,19,"6'4""",190,R,287,53,109,344
Buddy Hield,GSW,32,"6'4""",220,8,319,69,46,134
CJ McCollum,NOP,33,"6'3""",190,11,444,46,136,227
Cade Cunningham,DET,23,"6'6""",220,3,653,70,272,618
Caleb Houstan,ORL,22,"6'8""",205,2,71,17,16,30
Caleb Martin,DAL,29,"6'5""",205,5,123,43,79,92
Cam Christie,LAC,19,"6'6""",190,R,7,5,3,6
Cam Reddish,LAL,25,,,,38,33,23,22
Cam Spencer,MEM,25,"6'4""",205,R,26,6,13,27
Cam Thomas,BKN,23,"6'3""",210,3,199,15,115,94
Cam Whitmore,HOU,20,"6'7""",230,1,163,29,43,47
Cameron Johnson,BKN,29,"6'8""",210,5,355,53,170,194
Cameron Payne,NYK,30,"6'3""",183,9,170,36,56,194
Caris LeVert,ATL,30,"6'6""",205,8,267,55,104,206
Cason Wallace,OKC,21,"6'3""",195,1,232,120,42,173
Charles Bassey,SAS,24,"6'10""",230,3,68,14,26,17
Chet Holmgren,OKC,22,"7'1""",208,1,167,23,95,63
Chris Boucher,TOR,32,"6'9""",200,7,182,24,69,33
Chris Duarte,CHI,27,,,,12,0,6,9
Chris Livingston,MIL,21,"6'6""",220,1,7,5,7,2
Chris Paul,SAS,39,"6'0""",175,19,244,99,82,598
Christian Braun,DEN,23,"6'6""",220,2,467,84,140,194
Christian Koloko,LAL,24,"7'0""",225,1,38,7,19,16
Chuma Okeke,CLE,26,"6'7""",229,4,19,5,7,13
Clint Capela,ATL,30,"6'10""",256,10,218,34,89,62
Coby White,CHI,25,"6'5""",195,5,501,68,262,322
Cody Martin,PHX,29,"6'6""",205,5,135,55,61,103
Cody Williams,UTA,20,"6'7""",190,R,83,23,31,59
Colby Jones,WAS,22,"6'6""",207,1,49,25,29,35
Cole Anthony,ORL,24,"6'2""",185,4,226,44,104,184
Cole Swider,TOR,25,"6'8""",220,2,22,4,3,3
Colin Castleton,PHI,24,"6'10""",250,1,35,7,25,28
Collin Gillespie,PHX,25,"6'1""",195,1,60,18,22,73
Collin Sexton,UTA,26,"6'3""",190,6,416,47,219,264
Corey Kispert,WAS,26,"6'6""",224,3,255,26,60,103
Cory Joseph,ORL,33,"6'2""",200,13,61,25,37,67
Craig Porter Jr.,CLE,25,"6'1""",180,1,54,16,18,62
Cui Yongxi,BKN,21,,,,1,0,1,0
D'Angelo Russell,BKN,29,"6'3""",193,9,249,56,139,297
D.J. Carton,TOR,24,,,,1,2,1,3
DaQuan Jeffries,CHA,27,"6'5""",222,5,111,25,26,52
Daeqwon Plowden,ATL,26,"6'6""",216,R,8,0,1,0
Daishen Nix,MIN,23,,,,0,0,1,3
Dalano Banton,POR,25,"6'8""",203,3,189,42,87,147
Dalen Terry,CHI,22,"6'7""",195,2,117,43,55,96
Dalton Knecht,LAL,23,"6'6""",215,R,246,24,54,66
Damian Lillard,MIL,34,"6'2""",195,12,444,70,299,410
Damion Baugh,CHA,24,"6'4""",194,R,37,14,17,47
Damion Lee,PHX,32,"6'6""",210,6,25,5,12,10
Daniel Gafford,DAL,26,"6'10""",265,5,271,22,148,78
Daniel Theis,NOP,33,,,,61,18,45,60
Daniss Jenkins,DET,23,"6'3""",165,R,2,0,0,0
Danté Exum,DAL,29,"6'5""",214,7,60,12,29,50
Dario Šarić,DEN,31,"6'10""",225,7,21,7,15,23
Dariq Whitehead,BKN,20,"6'6""",220,1,36,6,7,11
Darius Garland,CLE,25,"6'1""",192,5,544,89,222,493
David Duke Jr.,SAS,25,"6'4""",204,3,3,0,2,3
David Roddy,HOU,24,"6'4""",255,2,52,14,18,33
Davion Mitchell,MIA,26,"6'0""",202,3,217,70,129,352
Day'Ron Sharpe,BKN,23,"6'9""",265,3,165,41,73,91
De'Aaron Fox,SAS,27,"6'3""",185,7,539,91,261,392
De'Andre Hunter,CLE,27,"6'8""",221,5,349,48,209,90
De'Anthony Melton,BKN,26,"6'3""",200,6,22,7,7,17
DeAndre Jordan,DEN,36,"6'11""",265,16,88,15,67,53
DeMar DeRozan,SAC,35,"6'6""",220,15,614,62,310,329
Dean Wade,CLE,28,"6'9""",228,5,109,40,31,72
Deandre Ayton,POR,26,"7'0""",252,6,265,31,59,64
Dejounte Murray,NOP,28,"6'4""",180,7,194,63,82,228
Delon Wright,NYK,32,"6'5""",185,9,43,33,28,72
Deni Avdija,POR,24,"6'9""",240,4,402,71,295,281
Dennis Schröder,DET,31,"6'1""",175,11,328,65,205,395
Dereck Lively II,DAL,21,"7'1""",230,1,129,20,50,85
Derrick Jones Jr.,LAC,28,"6'6""",210,8,304,77,100,59
Derrick White,BOS,30,"6'4""",190,7,416,71,162,354
Desmond Bane,MEM,26,"6'5""",215,4,473,78,132,359
Devin Booker,PHX,28,"6'6""",206,9,646,67,403,524
Devin Carter,SAC,23,"6'2""",195,R,42,18,43,38
Devin Vassell,SAS,24,"6'5""",200,4,394,84,98,183
Dillon Brooks,HOU,29,"6'6""",225,7,381,60,108,127
Dillon Jones,OKC,23,"6'5""",235,R,43,13,20,53
Domantas Sabonis,SAC,28,"6'10""",240,8,511,44,274,412
Dominick Barlow,ATL,21,"6'8""",215,2,53,9,25,17
Donovan Clingan,POR,21,"7'2""",280,R,167,33,90,73
Donovan Mitchell,CLE,28,"6'3""",215,7,585,95,278,354
Donte DiVincenzo,MIN,28,"6'4""",203,6,238,71,86,215
Dorian Finney-Smith,LAL,31,"6'7""",220,8,189,55,42,90
Doug McDermott,SAC,33,"6'6""",225,10,48,4,3,5
Draymond Green,GSW,35,"6'6""",230,12,210,94,174,374
Drew Eubanks,LAC,28,"6'10""",245,6,115,12,64,53
Drew Peterson,BOS,25,"6'9""",205,1,15,5,6,13
Drew Timme,BKN,24,"6'10""",235,R,32,4,12,10
Dru Smith,MIA,27,"6'2""",203,2,31,21,11,23
Duncan Robinson,MIA,30,"6'7""",215,6,281,40,59,174
Duop Reath,POR,28,"6'9""",245,1,70,12,17,26
Dwight Powell,DAL,33,"6'10""",240,10,40,17,47,55
Dyson Daniels,ATL,22,"6'7""",199,2,447,223,129,316
E.J. Liddell,CHI,24,"6'6""",240,1,8,1,1,3
Elfrid Payton,NOP,31,"6'3""",195,8,36,23,9,135
Elijah Harkless,UTA,25,"6'3""",195,R,11,10,12,8
Emanuel Miller,CHI,24,"6'7""",215,R,1,0,1,2
Emoni Bates,CLE,21,"6'8""",202,1,4,1,0,6
Enrique Freeman,IND,24,"6'7""",220,R,12,2,13,8
Eric Gordon,PHI,36,"6'3""",215,16,87,26,33,65
Evan Mobley,CLE,23,"6'11""",215,3,502,60,232,224
Franz Wagner,ORL,23,"6'10""",220,3,537,75,252,284
Fred VanVleet,HOU,31,"6'0""",197,8,282,93,114,330
GG Jackson,MEM,20,"6'9""",210,1,71,12,30,26
Gabe Vincent,LAL,28,"6'2""",200,5,168,50,45,97
Garrett Temple,TOR,38,"6'5""",195,14,13,16,14,27
Garrison Mathews,ATL,28,"6'6""",215,5,98,26,64,59
Gary Harris,ORL,30,"6'4""",210,10,43,25,7,29
Gary Payton II,GSW,32,"6'2""",195,8,169,49,36,79
Gary Trent Jr.,MIL,26,"6'5""",204,6,274,68,69,84
Georges Niang,ATL,31,"6'7""",230,8,276,28,58,110
Giannis Antetokounmpo,MIL,30,"6'11""",243,11,771,57,495,413
Goga Bitadze,ORL,25,"6'10""",250,5,200,47,112,130
Gradey Dick,TOR,21,"6'6""",200,1,265,48,127,98
Grant Williams,CHA,26,"6'6""",236,5,54,18,43,37
Grayson Allen,PHX,29,"6'4""",198,6,206,53,105,126
Guerschon Yabusele,PHI,29,"6'8""",265,2,282,58,131,148
Gui Santos,GSW,22,"6'6""",185,1,82,25,41,79
Harrison Barnes,SAS,32,"6'8""",225,12,342,36,143,134
Harrison Ingram,SAS,22,"6'5""",230,R,1,2,0,2
Haywood Highsmith,MIA,28,"6'5""",220,4,170,68,47,108
Herbert Jones,NOP,26,"6'7""",206,3,75,37,39,65
Hunter Tyson,DEN,24,"6'8""",215,1,45,10,17,19
Immanuel Quickley,TOR,25,"6'2""",190,4,184,23,95,191
Isaac Jones,SAC,24,"6'9""",245,R,53,5,30,12
Isaac Okoro,CLE,24,"6'5""",225,4,113,31,42,65
Isaiah Collier,UTA,20,"6'3""",210,R,234,66,135,446
Isaiah Crawford,SAC,23,"6'6""",220,R,5,1,1,1
Isaiah Hartenstein,OKC,26,"7'0""",250,6,279,47,94,218
Isaiah Jackson,IND,23,"6'9""",205,3,14,3,7,5
Isaiah Joe,OKC,25,"6'3""",165,4,243,44,98,109
Isaiah Stevens,MIA,24,"6'0""",185,R,0,1,0,0
Isaiah Stewart,DET,23,"6'8""",250,4,176,28,92,122
Isaiah Wong,CHA,24,,,,41,11,24,28
Ivica Zubac,LAC,28,"7'0""",240,8,573,54,241,211
JD Davison,BOS,22,"6'1""",195,2,7,3,4,8
JT Thor,WAS,22,"6'9""",203,3,24,7,12,6
Ja Morant,MEM,25,"6'2""",174,5,383,59,240,352
Ja'Kobe Walter,TOR,20,"6'5""",180,R,159,43,72,81
Jabari Smith Jr.,HOU,21,"6'10""",220,2,248,25,120,60
Jabari Walker,POR,22,"6'7""",237,2,108,31,58,35
Jack McVeigh,HOU,28,"6'8""",215,R,5,0,0,1
Jackson Rowe,GSW,28,"6'7""",210,R,8,4,3,4
Jacob Toppin,ATL,24,"6'8""",200,1,3,2,0,4
Jaden Hardy,DAL,22,"6'3""",198,2,173,27,65,77
Jaden Ivey,DET,23,"6'4""",195,2,190,28,95,119
Jaden McDaniels,MIN,24,"6'9""",185,4,385,106,132,160
Jaden Springer,UTA,22,"6'4""",202,3,34,22,36,31
Jae Crowder,SAC,34,"6'6""",235,12,7,3,3,6
Jae'Sean Tate,HOU,29,"6'4""",230,4,70,26,53,47
Jahlil Okafor,IND,29,,,,0,0,0,1
Jahmir Young,CHI,24,"6'1""",185,R,2,0,0,3
Jaime Jaquez Jr.,MIA,24,"6'6""",225,1,191,60,94,154
Jake LaRavia,SAC,23,"6'7""",235,2,160,62,91,158
Jakob Poeltl,TOR,29,"7'0""",260,8,363,66,130,158
Jalen Bridges,PHX,23,"6'8""",225,R,1,0,2,0
Jalen Brunson,NYK,28,"6'2""",190,6,571,59,399,468
Jalen Duren,DET,21,"6'10""",250,2,362,53,199,200
Jalen Green,HOU,23,"6'4""",186,3,605,70,244,277
Jalen Hood-Schifino,PHI,21,"6'5""",210,1,32,5,16,28
Jalen Johnson,ATL,23,"6'8""",219,3,271,56,99,181
Jalen McDaniels,WAS,27,,,,0,1,0,1
Jalen Pickett,DEN,25,"6'2""",202,1,77,17,8,104
Jalen Smith,CHI,25,"6'9""",215,4,184,17,82,63
Jalen Suggs,ORL,23,"6'5""",205,3,197,51,129,129
Jalen Williams,OKC,23,"6'5""",211,2,565,111,245,355
Jalen Wilson,BKN,24,"6'6""",220,1,229,39,117,135
Jamal Cain,NOP,26,"6'6""",191,2,48,20,23,18
Jamal Murray,DEN,28,"6'4""",215,7,520,91,203,393
Jamal Shead,TOR,22,"6'1""",200,R,197,56,94,302
Jamaree Bouyea,MIL,25,"6'2""",180,2,1,1,0,1
James Harden,LAC,35,"6'5""",220,15,510,114,359,667
James Johnson,IND,38,"6'7""",240,15,4,0,1,4
James Wiseman,IND,24,,,,2,0,1,0
Jamison Battle,TOR,23,"6'7""",220,R,136,15,25,49
Jarace Walker,IND,21,"6'7""",235,1,153,52,60,102
Jared Butler,PHI,24,"6'3""",193,3,187,39,69,208
Jared McCain,PHI,21,"6'3""",195,R,126,15,45,60
Jared Rhoden,TOR,25,"6'5""",210,2,42,10,15,16
Jaren Jackson Jr.,MEM,25,"6'10""",242,6,576,90,330,145
Jarred Vanderbilt,LAL,26,"6'8""",214,6,55,33,37,41
Jarrett Allen,CLE,26,"6'9""",243,7,447,76,254,154
Javonte Green,CLE,31,"6'5""",205,5,117,62,69,52
Jaxson Hayes,LAL,24,"7'0""",220,5,158,31,110,58
Jay Huff,MEM,27,"7'1""",240,3,148,14,41,36
Jaylen Brown,BOS,28,"6'6""",223,8,518,73,292,286
Jaylen Clark,MIN,23,"6'4""",205,R,56,36,25,25
Jaylen Martin,WAS,21,"6'6""",216,R,31,9,8,17
Jaylen Nowell,NOP,25,,,,26,1,9,18
Jaylen Sims,CHA,26,"6'6""",210,R,7,2,8,9
Jaylen Wells,MEM,21,"6'8""",,R,287,44,150,135
Jaylin Williams,OKC,22,"6'9""",240,2,92,21,40,110
Jaylon Tyson,CLE,22,"6'6""",215,R,49,9,18,39
Jayson Tatum,BOS,27,"6'8""",210,7,656,76,305,423
Jazian Gortman,DAL,22,,,,9,2,2,6
Jeff Dowtin Jr.,PHI,27,"6'3""",177,3,111,24,36,75
Jeff Green,HOU,38,"6'8""",235,16,58,6,16,15
Jerami Grant,POR,31,"6'7""",210,10,214,41,121,101
Jeremiah Robinson-Earl,NOP,24,"6'8""",240,3,141,37,46,78
Jeremy Sochan,SAS,21,"6'8""",230,2,251,45,105,128
Jericho Sims,MIL,26,"6'10""",250,3,45,10,22,33
Jesse Edwards,MIN,25,"7'0""",236,R,0,0,1,1
Jett Howard,ORL,21,"6'6""",215,1,84,13,15,42
Jevon Carter,CHI,29,"6'1""",200,6,50,13,8,37
Jimmy Butler III,GSW,35,"6'7""",230,13,283,74,268,282
Jock Landale,HOU,29,"6'11""",255,3,73,11,32,37
Joe Ingles,MIN,37,"6'8""",220,10,6,2,5,23
Joel Embiid,PHI,31,"7'0""",280,8,140,14,117,85
John Collins,UTA,27,"6'9""",226,7,280,39,155,80
John Konchar,MEM,29,"6'5""",210,5,37,23,16,39
Johnny Davis,WAS,23,,,,32,15,14,11
Johnny Furphy,IND,20,"6'9""",200,R,24,16,13,11
Johnny Juzang,UTA,24,"6'5""",226,2,192,37,42,64
Jonas Valančiūnas,SAC,32,"6'11""",265,12,332,37,162,159
Jonathan Isaac,ORL,27,"6'10""",230,5,126,59,73,34
Jonathan Kuminga,GSW,22,"6'7""",225,3,256,37,141,104
Jonathan Mogbo,TOR,23,"6'9""",225,R,148,50,68,128
Jordan Clarkson,UTA,32,"6'3""",194,10,201,31,110,138
Jordan Goodwin,LAL,26,"6'5""",215,3,57,28,11,35
Jordan Hawkins,NOP,22,"6'5""",190,1,207,30,73,66
Jordan McLaughlin,SAS,29,"6'0""",185,5,30,15,22,48
Jordan Miller,LAC,25,"6'5""",194,1,58,17,26,34
Jordan Poole,WAS,25,"6'4""",194,5,457,86,287,303
Jordan Walsh,BOS,21,"6'6""",205,1,26,10,14,18
Jose Alvarado,NOP,26,"6'0""",179,3,194,72,71,255
Josh Christopher,MIA,23,"6'4""",215,2,3,0,3,4
Josh Giddey,CHI,22,"6'8""",216,3,371,84,179,503
Josh Green,CHA,24,"6'5""",200,4,180,74,87,108
Josh Hart,NYK,30,"6'4""",215,7,401,118,182,448
Josh Minott,MIN,22,"6'8""",205,2,43,15,13,18
Josh Okogie,CHA,26,"6'4""",213,6,87,47,63,29
Josh Richardson,MIA,31,,,,11,8,10,12
Jrue Holiday,BOS,34,"6'4""",205,15,253,65,75,235
Julian Champagnie,SAS,23,"6'7""",217,2,263,61,53,108
Julian Phillips,CHI,21,"6'8""",198,1,117,35,56,36
Julian Strawther,DEN,22,"6'6""",205,1,208,38,93,82
Julius Randle,MIN,30,"6'9""",250,10,429,44,253,310
Justin Champagnie,WAS,23,"6'6""",206,3,190,61,50,57
Justin Edwards,PHI,21,"6'7""",203,R,172,45,38,69
Justin Minaya,POR,26,"6'5""",205,2,4,4,2,5
Jusuf Nurkić,CHA,30,"7'0""",290,10,157,36,121,107
KJ Martin,UTA,24,"6'6""",215,4,111,17,36,48
KJ Simpson,CHA,22,"6'0""",189,R,98,31,73,105
Kai Jones,DAL,24,"6'11""",221,2,82,14,26,23
Karl-Anthony Towns,NYK,29,"7'0""",248,9,629,70,339,217
Karlo Matković,NOP,24,"6'10""",231,R,129,21,40,46
Kawhi Leonard,LAC,33,"6'7""",225,12,287,55,109,106
Keaton Wallace,ATL,26,"6'3""",185,R,58,23,12,65
Keegan Murray,SAC,24,"6'8""",225,2,358,59,78,106
Keion Brooks Jr.,NOP,24,"6'7""",210,R,36,6,13,10
Kel'el Ware,MIA,20,"7'0""",230,R,246,38,54,57
Keldon Johnson,SAS,25,"6'5""",220,5,361,49,135,125
Kelly Olynyk,NOP,33,"6'11""",240,11,134,33,96,128
Kelly Oubre Jr.,PHI,29,"6'8""",203,9,348,92,168,108
Kenrich Williams,OKC,30,"6'6""",210,6,155,37,49,90
Kentavious Caldwell-Pope,ORL,32,"6'5""",204,11,238,98,105,135
Keon Ellis,SAC,25,"6'4""",175,2,222,120,92,116
Keon Johnson,BKN,23,"6'5""",185,3,289,80,110,162
Keshad Johnson,MIA,23,"6'7""",225,R,7,2,3,3
Kessler Edwards,DAL,24,"6'7""",203,3,67,19,15,42
Kevin Durant,PHX,36,"6'11""",240,16,592,50,331,263
Kevin Huerter,CHI,26,"6'7""",198,6,248,64,42,148
Kevin Knox II,GSW,25,"6'8""",215,6,17,2,6,5
Kevin Love,MIA,36,"6'8""",251,16,41,15,22,22
Kevin McCullar Jr.,NYK,24,"6'6""",210,R,1,0,0,0
Kevin Porter Jr.,MIL,24,"6'4""",203,4,282,74,137,242
Kevon Looney,GSW,29,"6'9""",222,9,140,45,82,114
Keyonte George,UTA,21,"6'4""",185,1,351,45,216,362
Khris Middleton,WAS,33,"6'7""",222,12,160,35,69,150
Killian Hayes,BKN,23,,,,18,4,12,31
Klay Thompson,DAL,35,"6'5""",220,11,358,48,51,143
Kobe Brown,LAC,25,"6'7""",250,1,33,7,11,24
Kobe Bufkin,ATL,21,"6'4""",195,1,18,3,12,17
Kris Dunn,LAC,31,"6'3""",205,8,186,125,35,204
Kris Murray,POR,24,"6'8""",216,1,111,34,38,61
Kristaps Porziņģis,BOS,29,"7'2""",240,8,275,31,210,85
Kyle Anderson,MIA,31,"6'9""",230,10,136,39,55,135
Kyle Filipowski,UTA,21,"6'11""",250,R,247,47,122,136
Kyle Kuzma,MIL,29,"6'9""",221,7,352,34,155,148
Kyle Lowry,PHI,39,"6'0""",196,18,41,33,37,96
Kylor Kelley,NOP,27,"7'0""",230,R,10,0,4,2
Kyrie Irving,DAL,33,"6'2""",195,13,447,66,164,231
Kyshawn George,WAS,21,"6'8""",200,R,197,67,91,165
LaMelo Ball,CHA,23,"6'7""",180,4,406,54,221,346
Lamar Stevens,MEM,27,"6'7""",230,4,15,5,7,5
Landry Shamet,NYK,28,"6'4""",190,6,89,22,26,25
Larry Nance Jr.,ATL,32,"6'8""",245,9,80,20,25,38
Lauri Markkanen,UTA,27,"7'0""",240,7,296,33,159,70
LeBron James,LAL,40,"6'9""",250,21,645,69,264,567
Leonard Miller,MIN,21,"6'10""",220,1,5,2,4,0
Lester Quinones,NOP,24,"6'4""",208,2,15,1,4,9
Liam Robbins,MIL,25,,,,2,2,10,2
Lindy Waters III,DET,27,"6'6""",210,3,86,26,17,51
Lonnie Walker IV,PHI,26,"6'4""",204,6,73,9,19,45
Lonzo Ball,CHI,27,"6'6""",190,5,89,47,18,115
Luguentz Dort,OKC,25,"6'4""",220,5,258,79,108,115
Luka Dončić,LAL,26,"6'6""",230,6,448,88,286,376
Luka Garza,MIN,26,"6'10""",243,3,52,6,28,11
Luke Kennard,MEM,28,"6'5""",206,7,202,49,44,211
Luke Kornet,BOS,29,"7'1""",250,7,179,35,99,113
Luke Travers,CLE,23,"6'7""",207,R,3,1,1,6
Mac McClung,ORL,26,"6'2""",185,2,0,0,1,3
Malachi Flynn,CHA,26,,,,5,3,5,7
Malaki Branham,SAS,21,"6'4""",180,2,77,9,21,36
Malcolm Brogdon,WAS,32,"6'4""",229,8,104,13,68,98
Malevy Leons,OKC,25,,,,0,0,2,1
Malik Beasley,DET,28,"6'4""",187,8,442,72,103,135
Malik Monk,SAC,27,"6'3""",200,7,412,61,149,362
MarJon Beauchamp,NYK,24,"6'7""",199,2,26,4,11,10
Marcus Bagley,PHI,23,"6'6""",217,R,15,4,6,4
Marcus Garrett,CHA,26,,,,11,3,3,13
Marcus Sasser,DET,24,"6'2""",195,1,130,35,46,123
Marcus Smart,WAS,31,"6'3""",220,10,101,39,68,109
Mark Williams,CHA,23,"7'0""",240,2,265,30,127,107
Markelle Fultz,SAC,26,"6'4""",209,7,26,10,2,23
Markieff Morris,LAL,35,"6'9""",245,13,16,1,5,15
Marvin Bagley III,MEM,26,"6'10""",235,6,44,8,24,8
Mason Jones,SAC,26,"6'4""",200,3,9,0,3,11
Mason Plumlee,PHX,35,"6'10""",254,11,121,31,108,130
Matas Buzelis,CHI,20,"6'10""",209,R,242,28,78,74
Matisse Thybulle,POR,28,"6'5""",201,5,34,28,6,26
Matt Ryan,NYK,27,,,,10,2,2,3
Max Christie,DAL,22,"6'5""",190,2,241,63,109,142
Max Strus,CLE,29,"6'5""",215,5,158,26,56,155
Maxi Kleber,LAL,33,"6'10""",240,7,37,9,29,43
Maxwell Lewis,BKN,22,"6'7""",215,1,44,9,8,18
Micah Potter,UTA,27,"6'9""",248,3,53,13,25,27
Michael Porter Jr.,DEN,26,"6'10""",218,5,518,50,136,165
Mikal Bridges,NYK,28,"6'6""",209,6,579,72,125,291
Mike Conley,MIN,37,"6'0""",175,17,184,77,99,304
Miles Bridges,CHA,27,"6'7""",225,5,469,44,181,248
Miles McBride,NYK,24,"6'1""",195,3,207,59,65,172
Miles Norris,BOS,24,"6'7""",220,R,2,2,0,0
Mitchell Robinson,NYK,27,"7'0""",240,6,34,14,14,11
Mo Bamba,NOP,26,,,,52,9,19,18
Monté Morris,PHX,29,"6'2""",183,7,80,20,29,71
Moritz Wagner,ORL,27,"6'11""",245,6,140,24,96,42
Moses Brown,DAL,25,,,,34,6,8,2
Moses Moody,GSW,22,"6'5""",211,3,241,54,102,93
Mouhamed Gueye,ATL,22,"6'10""",210,1,66,24,23,24
Moussa Diabaté,CHA,23,"6'9""",210,2,163,44,113,56
Myles Turner,IND,29,"6'11""",250,9,383,54,196,109
N'Faly Dante,HOU,23,"6'11""",230,R,5,0,3,1
Nae'Qwan Tomlin,CLE,24,"6'10""",210,R,5,0,2,0
Naji Marshall,DAL,27,"6'6""",220,4,354,69,118,201
Nate Williams,HOU,26,"6'5""",205,2,19,7,5,6
Naz Reid,MIN,25,"6'9""",264,5,414,58,113,176
Neemias Queta,BOS,25,"7'0""",248,3,128,16,55,40
Nic Claxton,BKN,25,"6'11""",215,5,312,62,174,156
Nick Richards,PHX,27,"7'0""",245,4,205,14,118,49
Nick Smith Jr.,CHA,20,"6'2""",185,1,219,17,40,141
Nickeil Alexander-Walker,MIN,26,"6'5""",205,5,260,47,134,210
Nicolas Batum,LAC,36,"6'8""",230,16,104,52,21,84
Nikola Jokić,DEN,30,"6'11""",284,9,768,123,399,696
Nikola Jović,MIA,21,"6'10""",205,2,172,38,78,131
Nikola Vučević,CHI,34,"6'10""",260,13,540,59,163,248
Noah Clowney,BKN,20,"6'9""",210,1,133,24,82,40
Norman Powell,LAC,31,"6'4""",215,9,447,71,202,124
OG Anunoby,NYK,27,"6'7""",240,7,483,108,173,160
Obi Toppin,IND,27,"6'9""",220,4,308,43,87,123
Ochai Agbaji,TOR,24,"6'5""",215,2,251,51,47,97
Olivier-Maxence Prosper,DAL,22,"6'7""",230,1,70,26,53,40
Onyeka Okongwu,ATL,24,"6'10""",240,4,381,68,165,165
Orlando Robinson,TOR,24,"6'10""",235,2,116,17,53,77
Oscar Tshiebwe,UTA,25,"6'8""",255,1,30,9,18,7
Oshae Brissett,PHI,26,,,,19,4,12,4
Oso Ighodaro,PHX,22,"7'0""",235,R,105,26,46,66
Ousmane Dieng,OKC,21,"6'9""",185,2,54,17,13,31
P.J. Tucker,NYK,39,"6'5""",245,13,0,0,0,0
P.J. Washington,DAL,26,"6'6""",230,5,295,62,156,127
PJ Dozier,MIN,28,,,,2,1,3,5
PJ Hall,DEN,23,"6'10""",245,R,14,0,3,4
Pacôme Dadiet,NYK,19,"6'8""",210,R,9,3,4,5
Paolo Banchero,ORL,22,"6'10""",250,2,412,36,265,219
Pascal Siakam,IND,31,"6'8""",245,8,609,70,264,261
Pat Connaughton,MIL,32,"6'5""",209,9,66,7,22,64
Pat Spencer,GSW,28,"6'3""",205,1,41,13,19,48
Patrick Baldwin Jr.,LAC,22,"6'9""",220,2,19,3,3,3
Patrick Williams,CHI,23,"6'7""",215,4,197,45,64,119
Patty Mills,LAC,36,"6'2""",180,15,36,13,18,26
Paul George,PHI,34,"6'8""",220,14,245,75,110,178
Paul Reed,DET,25,"6'9""",210,4,67,39,34,39
Payton Pritchard,BOS,27,"6'1""",195,4,386,68,83,269
Pelle Larsson,MIA,24,"6'5""",215,R,89,32,55,65
Pete Nance,MIL,25,"6'10""",225,1,7,2,1,5
Peyton Watson,DEN,22,"6'7""",200,2,198,47,92,93
Phillip Wheeler,PHI,22,,,,3,1,1,2
Precious Achiuwa,NYK,25,"6'8""",243,4,148,41,46,50
Quentin Grimes,PHI,24,"6'4""",210,3,381,74,173,224
Quenton Jackson,IND,26,"6'5""",173,2,48,17,34,48
Quincy Olivari,LAL,23,,,,1,0,1,1
Quinten Post,GSW,25,"7'0""",238,R,120,16,23,55
RJ Barrett,TOR,24,"6'6""",214,5,460,46,233,314
RayJ Dennis,IND,24,"6'2""",180,R,2,3,1,5
Rayan Rupert,POR,20,"6'6""",195,1,47,15,20,23
Reece Beekman,BKN,23,"6'3""",190,R,31,29,27,56
Reed Sheppard,HOU,20,"6'2""",185,R,79,32,10,63
Reggie Jackson,PHI,34,,,,52,16,8,45
Richaun Holmes,WAS,31,"6'9""",235,9,90,9,53,42
Ricky Council IV,PHI,23,"6'6""",207,1,173,32,112,93
Riley Minix,SAS,24,"6'7""",230,R,0,0,0,0
Rob Dillingham,MIN,20,"6'3""",175,R,93,20,28,97
Robert Williams III,POR,27,"6'9""",249,6,50,13,13,21
Ronald Holland II,DET,19,"6'8""",206,R,189,48,107,80
Royce O'Neale,PHX,31,"6'6""",226,7,238,66,30,160
Rudy Gobert,MIN,32,"7'1""",258,11,315,55,240,122
Rui Hachimura,LAL,27,"6'8""",230,5,287,45,82,82
Russell Westbrook,DEN,36,"6'4""",200,16,364,104,164,447
Ryan Dunn,PHX,22,"6'8""",216,R,190,42,27,53
Ryan Rollins,MIL,22,"6'3""",180,2,124,40,46,98
Sam Hauser,BOS,27,"6'7""",217,3,203,40,26,62
Sam Merrill,CLE,28,"6'4""",205,4,167,52,53,104
Sandro Mamukelashvili,SAS,25,"6'9""",240,3,127,19,39,42
Santi Aldama,MEM,24,"7'0""",215,3,308,50,79,179
Scoot Henderson,POR,21,"6'3""",206,1,287,68,182,335
Scottie Barnes,TOR,23,"6'7""",237,3,447,92,238,367
Scotty Pippen Jr.,MEM,24,"6'1""",170,2,276,102,173,336
Seth Curry,CHA,34,"6'1""",185,10,158,26,52,60
Shaedon Sharpe,POR,21,"6'5""",208,2,499,62,189,198
Shai Gilgeous-Alexander,OKC,26,"6'6""",195,6,860,131,467,486
Shake Milton,LAL,28,"6'5""",205,6,109,23,58,99
Sidy Cissoko,POR,21,"6'6""",200,1,9,1,3,6
Simone Fontecchio,DET,29,"6'7""",209,2,144,31,68,63
Skal Labissiere,SAC,29,,,,2,0,0,1
Spencer Dinwiddie,DAL,32,"6'5""",215,10,283,69,195,342
Spencer Jones,DEN,23,"6'7""",225,R,11,5,2,5
Stanley Umude,MIL,25,"6'6""",210,2,4,3,2,3
Stephen Curry,GSW,37,"6'2""",185,15,548,78,241,410
Stephon Castle,SAS,20,"6'6""",215,R,412,73,255,316
Steven Adams,HOU,31,"6'11""",265,10,89,22,102,65
Svi Mykhailiuk,UTA,27,"6'7""",205,6,103,19,27,69
T.J. McConnell,IND,33,"6'1""",190,9,313,81,91,343
Taj Gibson,CHA,39,"6'9""",232,15,44,9,20,19
Talen Horton-Tucker,CHI,24,"6'4""",234,5,124,18,58,73
Tari Eason,HOU,23,"6'8""",215,2,268,96,75,80
Taurean Prince,MIL,31,"6'6""",218,8,230,76,59,153
Taylor Hendricks,UTA,21,"6'9""",215,1,4,5,2,2
Tazé Moore,POR,26,,,,2,2,1,1
Terance Mann,ATL,28,"6'5""",215,5,188,46,61,116
Terrence Shannon Jr.,MIN,24,"6'6""",215,R,55,7,16,32
Terry Rozier,MIA,31,"6'1""",190,9,246,36,97,164
Terry Taylor,SAC,25,,,,0,0,0,2
Thomas Bryant,IND,27,"6'10""",248,7,157,27,60,52
Tidjane Salaün,CHA,19,"6'8""",207,R,111,29,78,70
Tim Hardaway Jr.,DET,33,"6'5""",205,11,269,37,148,120
Tobias Harris,DET,32,"6'8""",226,13,371,70,115,156
Tony Bradley,IND,27,"6'11""",248,6,18,1,3,3
Torrey Craig,BOS,34,"6'5""",221,7,37,4,9,12
Tosan Evbuomwan,BKN,24,"6'7""",217,1,85,19,51,44
Toumani Camara,POR,24,"6'7""",229,1,319,114,218,168
Trae Young,ATL,26,"6'1""",164,6,549,88,417,857
Trayce Jackson-Davis,GSW,25,"6'9""",245,1,174,22,75,103
Tre Jones,CHI,25,"6'1""",185,4,128,37,67,192
Tre Mann,CHA,24,"6'3""",178,3,70,7,21,39
Trendon Watford,BKN,24,"6'8""",237,3,148,25,95,104
Trentyn Flowers,LAC,20,"6'9""",185,R,4,0,2,0
Trevelin Queen,ORL,28,"6'5""",190,3,47,28,15,34
Trey Alexander,DEN,21,"6'4""",185,R,12,1,4,11
Trey Jemison III,LAL,25,"6'11""",270,1,39,9,18,14
Trey Lyles,SAC,29,"6'9""",234,9,149,40,77,81
Trey Murphy III,NOP,24,"6'8""",206,3,381,56,186,188
Tristan Thompson,CLE,34,"6'9""",254,13,27,1,16,23
Tristan Vukcevic,WAS,22,"7'0""",220,1,104,11,50,32
Tristan da Silva,ORL,23,"6'8""",217,R,188,30,55,105
Tristen Newton,MIN,23,"6'5""",190,R,1,1,1,2
Ty Jerome,CLE,27,"6'5""",195,5,310,78,120,231
TyTy Washington Jr.,PHX,23,"6'3""",195,2,13,3,3,15
Tyler Herro,MIA,25,"6'5""",195,5,644,68,223,420
Tyler Kolek,NYK,24,"6'3""",195,R,26,12,18,66
Tyler Smith,MIL,20,"6'9""",224,R,18,2,4,4
Tyrese Haliburton,IND,25,"6'5""",185,4,468,105,174,663
Tyrese Martin,BKN,26,"6'6""",215,1,177,32,47,114
Tyrese Maxey,PHI,24,"6'2""",200,4,477,91,224,317
Tyson Etienne,BKN,25,"6'2""",200,R,10,2,5,9
Tyus Jones,PHX,28,"6'1""",196,9,297,67,75,423
Ulrich Chomche,TOR,19,"6'11""",235,R,2,0,1,2
Vasilije Micić,PHX,31,"6'3""",188,1,95,15,48,128
Victor Wembanyama,SAS,21,"7'3""",235,1,408,52,226,168
Vince Williams Jr.,MEM,24,"6'4""",205,2,60,11,32,48
Vlatko Čančar,DEN,28,"6'8""",236,4,10,3,4,9
Vít Krejčí,ATL,24,"6'8""",195,3,137,32,36,137
Walker Kessler,UTA,23,"7'0""",245,2,278,36,129,97
Wendell Carter Jr.,ORL,25,"6'10""",270,6,225,51,174,132
Wendell Moore Jr.,CHA,23,"6'5""",215,2,56,19,19,38
Xavier Tillman,BOS,26,"6'7""",245,4,13,11,5,7
Yuki Kawamura,MEM,23,"5'8""",159,R,8,1,4,14
Yuri Collins,GSW,24,,,,1,2,1,4
Yves Missi,NOP,20,"6'11""",235,R,269,37,166,99
Zaccharie Risacher,ATL,20,"6'8""",200,R,335,50,100,90
Zach Collins,CHI,27,"6'11""",250,6,146,28,81,106
Zach Edey,MEM,22,"7'4""",305,R,246,35,113,64
Zach LaVine,SAC,30,"6'5""",200,10,610,58,225,303
Zeke Nnaji,DEN,24,"6'9""",240,4,70,25,37,23
Ziaire Williams,BKN,23,"6'9""",185,3,211,60,113,84
Zion Williamson,NOP,24,"6'6""",284,4,288,37,170,159
Zyon Pullin,MEM,24,"6'4""",206,R,0,0,0,0
