PLAYER_NAME,TEAM_ABBREVIATION,POSITION,AGE,HEIGHT,WEIGHT,EXP,FGM,STL,PFD,AST
A.J. Lawson,TOR,G,24,"6'6""",179,2,80,13,38,31
AJ Green,MIL,G,25,"6'4""",190,2,182,37,50,108
AJ Johnson,WAS,G,20,"6'5""",160,R,82,12,27,76
Aaron Gordon,DEN,F,29,"6'8""",235,10,264,23,137,164
Aaron Holiday,HOU,G,28,"6'0""",185,6,117,19,49,83
Aaron Nesmith,IND,G-F,25,"6'6""",215,4,192,35,77,54
Aaron Wiggins,OKC,G,26,"6'5""",190,3,355,60,68,134
Adam Flagler,OKC,G,25,"6'3""",180,1,25,8,1,12
Adem Bona,PHI,F,22,"6'10""",235,R,135,26,90,27
Ajay Mitchell,OKC,G,22,"6'5""",190,R,91,25,55,64
Al Horford,BOS,C-F,38,"6'9""",240,17,195,36,35,128
Alec Burks,MIA,G,33,"6'5""",214,13,115,28,43,55
Alex Caruso,OKC,G,31,"6'5""",186,7,140,87,62,137
Alex Ducas,OKC,G,24,"6'7""",220,R,12,5,1,5
Alex Len,LAL,C,31,"7'0""",250,11,32,9,18,38
Alex Reese,PHI,F-C,25,"6'9""",245,R,26,10,10,4
Alex Sarr,WAS,C,19,"7'0""",205,R,326,44,123,161
Alperen Sengun,HOU,C,22,"6'11""",243,3,567,84,406,372
Amen Thompson,HOU,G-F,22,"6'7""",200,1,388,97,175,265
Amir Coffey,LAC,G-F,27,"6'7""",210,5,240,40,95,77
Andre Drummond,PHI,C,31,"6'11""",279,12,117,39,69,34
Andre Jackson Jr.,MIL,G,23,"6'6""",209,1,94,34,27,83
Andrew Nembhard,IND,G-F,25,"6'4""",191,2,247,79,130,326
Andrew Wiggins,MIA,F,30,"6'7""",197,10,376,60,174,158
Anfernee Simons,POR,G,25,"6'3""",200,6,479,60,140,337
Anthony Black,ORL,G,21,"6'7""",200,1,262,86,182,240
Anthony Davis,DAL,F-C,32,"6'10""",253,12,470,59,273,181
Anthony Edwards,MIN,G,23,"6'4""",225,4,721,91,343,359
Anthony Gill,WAS,F,32,"6'8""",230,4,43,9,37,16
Anton Watson,NYK,F,24,"6'8""",225,R,4,1,0,2
Antonio Reeves,NOP,G,22,"6'5""",205,R,113,21,22,39
Ariel Hukporti,NYK,C,23,"6'11""",246,R,21,1,13,11
Ausar Thompson,DET,G-F,22,"6'6""",205,1,246,98,130,134
Austin Reaves,LAL,G,26,"6'5""",197,3,477,81,321,421
Ayo Dosunmu,CHI,G,25,"6'5""",200,3,221,43,63,208
Bam Adebayo,MIA,C-F,27,"6'9""",255,7,540,98,309,337
Baylor Scheierman,BOS,G,24,"6'6""",205,R,39,17,18,33
Ben Sheppard,IND,G,23,"6'6""",190,1,120,38,35,85
Ben Simmons,LAC,G-F,28,"6'10""",240,6,116,38,58,285
Bennedict Mathurin,IND,G-F,22,"6'5""",210,2,391,47,245,136
Bilal Coulibaly,WAS,G,20,"6'8""",195,1,263,78,143,199
Bismack Biyombo,SAS,C,32,"6'8""",255,13,67,16,28,31
Blake Wesley,SAS,G,22,"6'3""",185,2,81,37,56,114
Bobby Portis,MIL,F,30,"6'10""",250,9,277,35,72,104
Bobi Klintman,DET,F,22,"6'9""",225,R,6,2,2,7
Bogdan Bogdanović,LAC,G,32,"6'5""",225,7,210,41,73,146
Bol Bol,PHX,C-F,25,"7'3""",220,5,96,9,18,22
Bones Hyland,MIN,G,24,"6'2""",169,3,47,18,17,32
Bradley Beal,PHX,G,31,"6'4""",207,12,345,58,115,195
Branden Carlson,OKC,C,25,"7'0""",220,R,43,5,13,14
Brandin Podziemski,GSW,G,22,"6'4""",205,1,280,69,123,220
Brandon Boston,NOP,G,23,"6'6""",188,3,166,53,67,92
Brandon Clarke,MEM,F,28,"6'8""",215,5,236,52,79,66
Brandon Ingram,TOR,F,27,"6'8""",190,8,155,16,66,93
Brandon Miller,CHA,F,22,"6'7""",200,1,198,29,72,98
Brandon Williams,DAL,G,25,"6'1""",190,2,98,24,57,76
Braxton Key,GSW,F,28,"6'8""",225,3,0,2,3,0
Brice Sensabaugh,UTA,F,21,"6'5""",235,1,275,46,54,110
Bronny James,LAL,G,20,"6'3""",210,R,21,9,10,22
Brook Lopez,MIL,C,37,"7'1""",282,16,394,50,135,143
Bruce Brown,NOP,G-F,28,"6'4""",202,6,130,34,48,84
Bryce McGowens,POR,G,22,"6'6""",190,2,4,1,5,2
Bub Carrington,WAS,G,19,"6'4""",190,R,300,54,111,364
Buddy Hield,GSW,G,32,"6'4""",220,8,328,69,46,134
CJ McCollum,NOP,G,33,"6'3""",190,11,444,46,136,227
Cade Cunningham,DET,G,23,"6'6""",220,3,684,71,279,638
Caleb Houstan,ORL,G,22,"6'8""",205,2,80,22,18,35
Caleb Martin,DAL,F,29,"6'5""",205,5,129,46,81,95
Cam Christie,LAC,G,19,"6'6""",190,R,7,5,3,6
Cam Spencer,MEM,G,25,"6'4""",205,R,34,9,14,34
Cam Thomas,BKN,G,23,"6'3""",210,3,199,15,115,94
Cam Whitmore,HOU,F,20,"6'7""",230,1,179,31,46,49
Cameron Johnson,BKN,F,29,"6'8""",210,5,355,53,170,194
Cameron Payne,NYK,G,30,"6'3""",183,9,179,39,61,203
Caris LeVert,ATL,G,30,"6'6""",205,8,280,57,109,215
Cason Wallace,OKC,G,21,"6'3""",195,1,232,120,42,173
Charles Bassey,SAS,C-F,24,"6'10""",230,3,68,14,26,17
Chet Holmgren,OKC,C-F,22,"7'1""",208,1,167,23,95,63
Chris Boucher,TOR,F,32,"6'9""",200,7,182,24,69,33
Chris Livingston,MIL,F,21,"6'6""",220,1,9,5,10,5
Chris Paul,SAS,G,39,"6'0""",175,19,249,103,85,605
Christian Braun,DEN,G,23,"6'6""",220,2,476,85,143,205
Christian Koloko,LAL,C,24,"7'0""",225,1,40,8,21,16
Chuma Okeke,CLE,F,26,"6'7""",229,4,20,5,7,15
Clint Capela,ATL,C,30,"6'10""",256,10,218,34,89,62
Coby White,CHI,G,25,"6'5""",195,5,508,69,267,330
Cody Martin,PHX,F,29,"6'6""",205,5,136,56,61,105
Cody Williams,UTA,F,20,"6'7""",190,R,83,23,31,59
Colby Jones,WAS,G,22,"6'6""",207,1,59,26,33,44
Cole Anthony,ORL,G,24,"6'2""",185,4,230,45,105,191
Colin Castleton,TOR,C,24,"6'10""",250,1,46,8,31,28
Collin Gillespie,PHX,G,25,"6'1""",195,1,68,21,25,78
Collin Sexton,UTA,G,26,"6'3""",190,6,416,47,219,264
Corey Kispert,WAS,F,26,"6'6""",224,3,255,26,60,103
Cory Joseph,ORL,G,33,"6'2""",200,13,62,26,38,72
Craig Porter Jr.,CLE,G,25,"6'1""",180,1,72,17,23,71
D'Angelo Russell,BKN,G,29,"6'3""",193,9,249,56,139,297
DaQuan Jeffries,CHA,G-F,27,"6'5""",222,5,118,26,28,53
Daeqwon Plowden,ATL,G-F,26,"6'6""",216,R,16,0,1,2
Dalano Banton,POR,F,25,"6'8""",203,3,198,43,92,160
Dalen Terry,CHI,F,22,"6'7""",195,2,120,44,55,97
Dalton Knecht,LAL,F,23,"6'6""",215,R,257,24,58,66
Damian Lillard,MIL,G,34,"6'2""",195,12,444,70,299,410
Damion Baugh,CHA,G,24,"6'4""",194,R,42,15,18,56
Damion Lee,PHX,G-F,32,"6'6""",210,6,27,6,12,11
Daniel Gafford,DAL,F-C,26,"6'10""",265,5,283,23,155,80
Daniss Jenkins,DET,G,23,"6'3""",165,R,3,0,2,3
Danté Exum,DAL,G,29,"6'5""",214,7,64,12,31,56
Dario Šarić,DEN,F-C,31,"6'10""",225,7,21,7,15,23
Dariq Whitehead,BKN,G-F,20,"6'6""",220,1,39,6,7,12
Darius Garland,CLE,G,25,"6'1""",192,5,554,91,227,506
David Duke Jr.,SAS,G,25,"6'4""",204,3,6,1,2,4
David Roddy,HOU,F,24,"6'4""",255,2,57,14,20,35
Davion Mitchell,MIA,G,26,"6'0""",202,3,223,72,132,363
Day'Ron Sharpe,BKN,C,23,"6'9""",265,3,165,41,73,91
De'Aaron Fox,SAS,G,27,"6'3""",185,7,539,91,261,392
De'Andre Hunter,CLE,F-G,27,"6'8""",221,5,358,50,211,92
De'Anthony Melton,BKN,G,26,"6'3""",200,6,22,7,7,17
DeAndre Jordan,DEN,C,36,"6'11""",265,16,91,16,68,53
DeMar DeRozan,SAC,G-F,35,"6'6""",220,15,624,62,316,342
Dean Wade,CLE,F-C,28,"6'9""",228,5,112,42,32,76
Deandre Ayton,POR,C,26,"7'0""",252,6,265,31,59,64
Dejounte Murray,NOP,G,28,"6'4""",180,7,194,63,82,228
Delon Wright,NYK,G,32,"6'5""",185,9,45,35,31,77
Deni Avdija,POR,F,24,"6'9""",240,4,402,71,295,281
Dennis Schröder,DET,G,31,"6'1""",175,11,336,66,211,404
Dereck Lively II,DAL,C,21,"7'1""",230,1,134,20,51,85
Derrick Jones Jr.,LAC,F,28,"6'6""",210,8,310,79,102,60
Derrick White,BOS,G,30,"6'4""",190,7,424,72,164,361
Desmond Bane,MEM,G,26,"6'5""",215,4,493,80,137,369
Devin Booker,PHX,G,28,"6'6""",206,9,654,67,404,529
Devin Carter,SAC,G,23,"6'2""",195,R,47,21,47,41
Devin Vassell,SAS,G-F,24,"6'5""",200,4,394,84,98,183
Dillon Brooks,HOU,G-F,29,"6'6""",225,7,384,60,109,128
Dillon Jones,OKC,F,23,"6'5""",235,R,51,16,21,58
Domantas Sabonis,SAC,F-C,28,"6'10""",240,8,527,48,277,423
Dominick Barlow,ATL,F,21,"6'8""",215,2,60,9,29,19
Donovan Clingan,POR,C,21,"7'2""",280,R,180,34,98,77
Donovan Mitchell,CLE,G,28,"6'3""",215,7,585,95,278,354
Donte DiVincenzo,MIN,G,28,"6'4""",203,6,250,73,86,225
Dorian Finney-Smith,LAL,F,31,"6'7""",220,8,195,58,42,90
Doug McDermott,SAC,F,33,"6'6""",225,10,50,4,3,7
Draymond Green,GSW,F,35,"6'6""",230,12,216,99,176,383
Drew Eubanks,LAC,F-C,28,"6'10""",245,6,115,12,64,54
Drew Peterson,BOS,F,25,"6'9""",205,1,17,5,7,13
Drew Timme,BKN,F,24,"6'10""",235,R,45,4,22,20
Dru Smith,MIA,G,27,"6'2""",203,2,31,21,11,23
Duncan Robinson,MIA,F,30,"6'7""",215,6,290,40,61,176
Duop Reath,POR,C,28,"6'9""",245,1,70,12,17,26
Dwight Powell,DAL,F-C,33,"6'10""",240,10,42,18,48,55
Dyson Daniels,ATL,G,22,"6'7""",199,2,455,229,131,333
E.J. Liddell,CHI,F,24,"6'6""",240,1,8,1,1,3
Elfrid Payton,NOP,G,31,"6'3""",195,8,40,24,11,166
Elijah Harkless,UTA,G,25,"6'3""",195,R,11,10,12,8
Emanuel Miller,CHI,F,24,"6'7""",215,R,4,1,1,2
Emoni Bates,CLE,F,21,"6'8""",202,1,13,1,0,8
Enrique Freeman,IND,F,24,"6'7""",220,R,16,3,15,9
Eric Gordon,PHI,G,36,"6'3""",215,16,87,26,33,65
Evan Mobley,CLE,C,23,"6'11""",215,3,505,61,239,226
Franz Wagner,ORL,F,23,"6'10""",220,3,537,75,252,284
Fred VanVleet,HOU,G,31,"6'0""",197,8,287,94,116,333
GG Jackson,MEM,F,20,"6'9""",210,1,74,12,32,29
Gabe Vincent,LAL,G,28,"6'2""",200,5,168,51,45,98
Garrett Temple,TOR,G-F,38,"6'5""",195,14,18,17,15,31
Garrison Mathews,ATL,G,28,"6'6""",215,5,102,26,68,60
Gary Harris,ORL,G,30,"6'4""",210,10,51,26,7,30
Gary Payton II,GSW,G,32,"6'2""",195,8,171,52,36,83
Gary Trent Jr.,MIL,G,26,"6'5""",204,6,283,72,71,87
Georges Niang,ATL,F,31,"6'7""",230,8,286,28,58,111
Giannis Antetokounmpo,MIL,F,30,"6'11""",243,11,793,58,507,433
Goga Bitadze,ORL,C-F,25,"6'10""",250,5,207,49,120,137
Gradey Dick,TOR,G-F,21,"6'6""",200,1,265,48,127,98
Grant Williams,CHA,F,26,"6'6""",236,5,54,18,43,37
Grayson Allen,PHX,G,29,"6'4""",198,6,219,54,106,137
Guerschon Yabusele,PHI,F,29,"6'8""",265,2,282,58,131,148
Gui Santos,GSW,F,22,"6'6""",185,1,82,25,41,80
Harrison Barnes,SAS,F,32,"6'8""",225,12,347,39,147,136
Harrison Ingram,SAS,F,22,"6'5""",230,R,2,3,0,3
Haywood Highsmith,MIA,F,28,"6'5""",220,4,179,68,47,112
Herbert Jones,NOP,F,26,"6'7""",206,3,75,37,39,65
Hunter Tyson,DEN,F,24,"6'8""",215,1,45,10,18,20
Immanuel Quickley,TOR,G,25,"6'2""",190,4,184,23,95,191
Isaac Jones,SAC,F,24,"6'9""",245,R,54,5,30,12
Isaac Okoro,CLE,F-G,24,"6'5""",225,4,124,32,44,68
Isaiah Collier,UTA,G,20,"6'3""",210,R,234,66,135,446
Isaiah Crawford,SAC,F,23,"6'6""",220,R,5,1,1,1
Isaiah Hartenstein,OKC,C-F,26,"7'0""",250,6,279,47,94,218
Isaiah Jackson,IND,F,23,"6'9""",205,3,14,3,7,5
Isaiah Joe,OKC,G,25,"6'3""",165,4,259,48,102,119
Isaiah Mobley,PHI,F,25,"6'8""",238,2,2,1,1,5
Isaiah Stevens,MIA,G,24,"6'0""",185,R,0,1,0,0
Isaiah Stewart,DET,F-C,23,"6'8""",250,4,176,28,93,123
Ivica Zubac,LAC,C,28,"7'0""",240,8,592,55,242,214
JD Davison,BOS,G,22,"6'1""",195,2,12,5,5,13
JT Thor,WAS,F,22,"6'9""",203,3,25,8,15,6
Ja Morant,MEM,G,25,"6'2""",174,5,404,61,249,364
Ja'Kobe Walter,TOR,G,20,"6'5""",180,R,159,43,72,81
Jabari Smith Jr.,HOU,F,21,"6'10""",220,2,248,25,120,60
Jabari Walker,POR,F,22,"6'7""",237,2,118,33,62,37
Jack McVeigh,HOU,G-F,28,"6'8""",215,R,5,0,0,1
Jackson Rowe,GSW,F,28,"6'7""",210,R,8,4,3,4
Jacob Toppin,ATL,F,24,"6'8""",200,1,9,2,0,6
Jaden Hardy,DAL,G,22,"6'3""",198,2,180,28,68,81
Jaden Ivey,DET,G,23,"6'4""",195,2,190,28,95,119
Jaden McDaniels,MIN,F,24,"6'9""",185,4,398,110,136,163
Jaden Springer,UTA,G,22,"6'4""",202,3,35,24,37,33
Jae Crowder,SAC,F,34,"6'6""",235,12,7,3,3,6
Jae'Sean Tate,HOU,F,29,"6'4""",230,4,70,26,53,47
Jahmir Young,CHI,G,24,"6'1""",185,R,4,0,1,6
Jaime Jaquez Jr.,MIA,G,24,"6'6""",225,1,213,61,99,166
Jake LaRavia,SAC,F,23,"6'7""",235,2,160,62,91,158
Jakob Poeltl,TOR,C,29,"7'0""",260,8,363,66,130,158
Jalen Bridges,PHX,F,23,"6'8""",225,R,2,0,3,0
Jalen Brunson,NYK,G,28,"6'2""",190,6,585,60,410,475
Jalen Duren,DET,C,21,"6'10""",250,2,378,54,202,209
Jalen Green,HOU,G,23,"6'4""",186,3,608,71,248,282
Jalen Hood-Schifino,PHI,G,21,"6'5""",210,1,37,5,17,37
Jalen Johnson,ATL,F,23,"6'8""",219,3,271,56,99,181
Jalen Pickett,DEN,G,25,"6'2""",202,1,77,19,8,107
Jalen Smith,CHI,F-C,25,"6'9""",215,4,190,17,84,65
Jalen Suggs,ORL,G,23,"6'5""",205,3,197,51,129,129
Jalen Williams,OKC,G-F,23,"6'5""",211,2,565,111,245,355
Jalen Wilson,BKN,F,24,"6'6""",220,1,246,40,122,145
Jamal Cain,NOP,F,26,"6'6""",191,2,68,23,37,22
Jamal Murray,DEN,G,28,"6'4""",215,7,531,91,211,403
Jamal Shead,TOR,G,22,"6'1""",200,R,204,58,99,316
Jamaree Bouyea,MIL,G,25,"6'2""",180,2,6,4,6,10
James Harden,LAC,G,35,"6'5""",220,15,531,118,371,687
James Johnson,IND,F,38,"6'7""",240,15,4,0,1,4
Jamison Battle,TOR,F,23,"6'7""",220,R,149,17,25,53
Jarace Walker,IND,F,21,"6'7""",235,1,170,54,63,110
Jared Butler,PHI,G,24,"6'3""",193,3,203,42,74,220
Jared McCain,PHI,G,21,"6'3""",195,R,126,15,45,60
Jared Rhoden,TOR,G,25,"6'5""",210,2,42,10,15,16
Jaren Jackson Jr.,MEM,F-C,25,"6'10""",242,6,592,92,334,148
Jarred Vanderbilt,LAL,F,26,"6'8""",214,6,59,35,39,41
Jarrett Allen,CLE,C,26,"6'9""",243,7,452,77,257,158
Javonte Green,CLE,G,31,"6'5""",205,5,123,65,72,56
Jaxson Hayes,LAL,C-F,24,"7'0""",220,5,161,31,112,58
Jay Huff,MEM,C,27,"7'1""",240,3,157,16,44,38
Jaylen Brown,BOS,G-F,28,"6'6""",223,8,518,73,292,286
Jaylen Clark,MIN,G,23,"6'4""",205,R,56,36,30,26
Jaylen Martin,WAS,G,21,"6'6""",216,R,31,9,8,17
Jaylen Sims,CHA,G,26,"6'6""",210,R,12,3,11,12
Jaylin Williams,OKC,F,22,"6'9""",240,2,97,22,42,120
Jaylon Tyson,CLE,G-F,22,"6'6""",215,R,64,13,25,44
Jayson Tatum,BOS,F-G,27,"6'8""",210,7,662,76,307,431
Jeff Dowtin Jr.,PHI,G,27,"6'3""",177,3,112,24,38,78
Jeff Green,HOU,F,38,"6'8""",235,16,61,6,18,20
Jerami Grant,POR,F,31,"6'7""",210,10,214,41,121,101
Jeremiah Robinson-Earl,NOP,F,24,"6'8""",240,3,158,39,49,88
Jeremy Sochan,SAS,F,21,"6'8""",230,2,251,45,105,128
Jericho Sims,MIL,C,26,"6'10""",250,3,45,10,22,33
Jesse Edwards,MIN,C,25,"7'0""",236,R,0,0,1,1
Jett Howard,ORL,G,21,"6'6""",215,1,98,13,18,44
Jevon Carter,CHI,G,29,"6'1""",200,6,55,13,8,40
Jimmy Butler III,GSW,F,35,"6'7""",230,13,301,77,283,298
Jock Landale,HOU,C,29,"6'11""",255,3,81,13,35,37
Joe Ingles,MIN,F-G,37,"6'8""",220,10,6,2,5,23
Joel Embiid,PHI,C-F,31,"7'0""",280,8,140,14,117,85
John Collins,UTA,F-C,27,"6'9""",226,7,280,39,155,80
John Konchar,MEM,G,29,"6'5""",210,5,41,30,17,42
Johnny Furphy,IND,G,20,"6'9""",200,R,35,18,23,19
Johnny Juzang,UTA,G,24,"6'5""",226,2,204,39,43,68
Jonas Valančiūnas,SAC,C,32,"6'11""",265,12,345,37,168,164
Jonathan Isaac,ORL,F,27,"6'10""",230,5,134,61,79,40
Jonathan Kuminga,GSW,F,22,"6'7""",225,3,258,38,145,104
Jonathan Mogbo,TOR,F,23,"6'9""",225,R,156,55,70,146
Jordan Clarkson,UTA,G,32,"6'3""",194,10,201,31,110,138
Jordan Goodwin,LAL,G,26,"6'5""",215,3,63,30,12,42
Jordan Hawkins,NOP,G,22,"6'5""",190,1,207,30,73,66
Jordan McLaughlin,SAS,G,29,"6'0""",185,5,31,16,23,51
Jordan Miller,LAC,G,25,"6'5""",194,1,58,17,26,34
Jordan Poole,WAS,G,25,"6'4""",194,5,457,86,287,303
Jordan Walsh,BOS,G,21,"6'6""",205,1,30,12,15,19
Jose Alvarado,NOP,G,27,"6'0""",179,3,204,74,75,259
Josh Christopher,MIA,G,23,"6'4""",215,2,11,5,4,8
Josh Giddey,CHI,G,22,"6'8""",216,3,371,84,179,503
Josh Green,CHA,G,24,"6'5""",200,4,180,74,87,108
Josh Hart,NYK,G,30,"6'4""",215,7,404,119,182,453
Josh Minott,MIN,F,22,"6'8""",205,2,44,15,15,18
Josh Okogie,CHA,G,26,"6'4""",213,6,94,48,68,33
Jrue Holiday,BOS,G,34,"6'4""",205,15,254,66,75,239
Julian Champagnie,SAS,F,23,"6'7""",217,2,276,61,54,111
Julian Phillips,CHI,F,21,"6'8""",198,1,128,38,60,39
Julian Strawther,DEN,G,22,"6'6""",205,1,210,39,97,83
Julius Randle,MIN,F-C,30,"6'9""",250,10,455,47,257,323
Justin Champagnie,WAS,G-F,23,"6'6""",206,3,210,65,53,60
Justin Edwards,PHI,F,21,"6'7""",203,R,172,45,38,69
Justin Minaya,POR,F,26,"6'5""",205,2,8,6,3,7
Jusuf Nurkić,CHA,C,30,"7'0""",290,10,168,40,127,115
KJ Martin,UTA,F,24,"6'6""",215,4,111,17,36,48
KJ Simpson,CHA,G,22,"6'0""",189,R,104,34,77,112
Kai Jones,DAL,C-F,24,"6'11""",221,2,87,15,27,25
Karl-Anthony Towns,NYK,C-F,29,"7'0""",248,9,639,71,345,222
Karlo Matković,NOP,F-C,24,"6'10""",231,R,135,22,40,46
Kawhi Leonard,LAC,F,33,"6'7""",225,12,310,59,122,116
Keaton Wallace,ATL,G,26,"6'3""",185,R,65,28,12,81
Keegan Murray,SAC,F,24,"6'8""",225,2,364,61,79,109
Keion Brooks Jr.,NOP,F,24,"6'7""",210,R,53,10,20,13
Kel'el Ware,MIA,C,20,"7'0""",230,R,257,39,55,60
Keldon Johnson,SAS,F-G,25,"6'5""",220,5,371,49,140,125
Kelly Olynyk,NOP,F-C,33,"6'11""",240,11,134,33,96,128
Kelly Oubre Jr.,PHI,F-G,29,"6'8""",203,9,348,92,168,108
Kenrich Williams,OKC,G-F,30,"6'6""",210,6,171,43,54,97
Kentavious Caldwell-Pope,ORL,G,32,"6'5""",204,11,239,99,105,136
Keon Ellis,SAC,G,25,"6'4""",175,2,227,121,94,120
Keon Johnson,BKN,G,23,"6'5""",185,3,303,82,120,175
Keshad Johnson,MIA,F,23,"6'7""",225,R,18,5,6,4
Kessler Edwards,DAL,F,24,"6'7""",203,3,67,19,15,42
Kevin Durant,PHX,F,36,"6'11""",240,16,592,50,331,263
Kevin Huerter,CHI,G-F,26,"6'7""",198,6,257,66,43,156
Kevin Knox II,GSW,F,25,"6'8""",215,6,18,2,6,5
Kevin Love,MIA,F-C,36,"6'8""",251,16,41,15,22,22
Kevin McCullar Jr.,NYK,G,24,"6'6""",210,R,2,1,3,2
Kevin Porter Jr.,MIL,G-F,24,"6'4""",203,4,293,81,145,256
Kevon Looney,GSW,F,29,"6'9""",222,9,143,46,84,118
Keyonte George,UTA,G,21,"6'4""",185,1,359,46,227,377
Khris Middleton,WAS,F,33,"6'7""",222,12,160,35,69,150
Klay Thompson,DAL,G,35,"6'5""",220,11,361,50,51,145
Kobe Brown,LAC,F,25,"6'7""",250,1,33,7,11,24
Kobe Bufkin,ATL,G,21,"6'4""",195,1,18,3,12,17
Kris Dunn,LAC,G,31,"6'3""",205,8,192,128,36,210
Kris Murray,POR,F,24,"6'8""",216,1,117,35,42,68
Kristaps Porziņģis,BOS,F-C,29,"7'2""",240,8,277,31,214,87
Kyle Anderson,MIA,F-G,31,"6'9""",230,10,142,40,60,145
Kyle Filipowski,UTA,C,21,"6'11""",250,R,260,48,125,140
Kyle Kuzma,MIL,F,29,"6'9""",221,7,370,36,159,152
Kyle Lowry,PHI,G,39,"6'0""",196,18,41,33,37,96
Kylor Kelley,NOP,C,27,"7'0""",230,R,14,1,6,5
Kyrie Irving,DAL,G,33,"6'2""",195,13,447,66,164,231
Kyshawn George,WAS,F,21,"6'8""",200,R,203,68,93,169
LaMelo Ball,CHA,G,23,"6'7""",180,4,406,54,221,346
Lamar Stevens,MEM,F,27,"6'7""",230,4,29,5,8,8
Landry Shamet,NYK,G,28,"6'4""",190,6,106,23,36,27
Larry Nance Jr.,ATL,F-C,32,"6'8""",245,9,80,20,25,38
Lauri Markkanen,UTA,F-C,27,"7'0""",240,7,296,33,159,70
LeBron James,LAL,F,40,"6'9""",250,21,651,70,265,575
Leonard Miller,MIN,F,21,"6'10""",220,1,6,2,4,0
Lester Quinones,NOP,G,24,"6'4""",208,2,31,3,18,24
Lindy Waters III,DET,F,27,"6'6""",210,3,92,27,17,52
Lonnie Walker IV,PHI,G-F,26,"6'4""",204,6,89,10,20,50
Lonzo Ball,CHI,G,27,"6'6""",190,5,89,47,18,115
Luguentz Dort,OKC,G,25,"6'4""",220,5,258,79,108,115
Luka Dončić,LAL,F-G,26,"6'6""",230,6,461,89,293,383
Luka Garza,MIN,C,26,"6'10""",243,3,52,6,28,11
Luke Kennard,MEM,G,28,"6'5""",206,7,206,50,45,215
Luke Kornet,BOS,C-F,29,"7'1""",250,7,187,36,104,117
Luke Travers,CLE,F,23,"6'7""",207,R,5,1,1,8
Mac McClung,ORL,G,26,"6'2""",185,2,0,0,1,3
Malaki Branham,SAS,F,21,"6'4""",180,2,87,11,23,38
Malcolm Brogdon,WAS,G,32,"6'4""",229,8,104,13,68,98
Malik Beasley,DET,G,28,"6'4""",187,8,461,73,108,139
Malik Monk,SAC,G,27,"6'3""",200,7,412,61,149,362
MarJon Beauchamp,NYK,F,24,"6'7""",199,2,27,4,12,11
Marcus Bagley,PHI,F,23,"6'6""",217,R,27,9,10,10
Marcus Sasser,DET,G,24,"6'2""",195,1,137,37,49,133
Marcus Smart,WAS,G,31,"6'3""",220,10,101,39,68,109
Mark Williams,CHA,C,23,"7'0""",240,2,270,32,128,109
Markelle Fultz,SAC,G,26,"6'4""",209,7,28,10,3,27
Markieff Morris,LAL,F,35,"6'9""",245,13,21,2,5,21
Marvin Bagley III,MEM,F,26,"6'10""",235,6,55,9,26,11
Mason Jones,SAC,G,26,"6'4""",200,3,9,0,3,11
Mason Plumlee,PHX,F-C,35,"6'10""",254,11,125,33,110,134
Matas Buzelis,CHI,F,20,"6'10""",209,R,252,29,80,79
Matisse Thybulle,POR,G-F,28,"6'5""",201,5,42,33,13,28
Max Christie,DAL,G,22,"6'5""",190,2,252,64,113,146
Max Strus,CLE,G-F,29,"6'5""",215,5,165,26,57,158
Maxi Kleber,LAL,F,33,"6'10""",240,7,37,9,29,43
Maxwell Lewis,BKN,F,22,"6'7""",215,1,45,9,8,19
Micah Potter,UTA,C,27,"6'9""",248,3,57,14,26,31
Michael Porter Jr.,DEN,F,26,"6'10""",218,5,528,50,138,165
Mikal Bridges,NYK,G-F,28,"6'6""",209,6,592,75,130,306
Mike Conley,MIN,G,37,"6'0""",175,17,187,79,100,319
Miles Bridges,CHA,F,27,"6'7""",225,5,469,44,181,248
Miles McBride,NYK,G,24,"6'1""",195,3,222,67,69,187
Miles Norris,BOS,F,24,"6'7""",220,R,2,2,1,0
Mitchell Robinson,NYK,C-F,27,"7'0""",240,6,37,16,17,13
Monté Morris,PHX,G,29,"6'2""",183,7,83,20,29,73
Moritz Wagner,ORL,F-C,27,"6'11""",245,6,140,24,96,42
Moses Moody,GSW,G,22,"6'5""",211,3,246,59,104,96
Mouhamed Gueye,ATL,F,22,"6'10""",210,1,72,28,30,27
Moussa Diabaté,CHA,F,23,"6'9""",210,2,167,46,115,56
Myles Turner,IND,C-F,29,"6'11""",250,9,390,54,204,111
N'Faly Dante,HOU,C,23,"6'11""",230,R,10,1,3,2
Nae'Qwan Tomlin,CLE,F,24,"6'10""",210,R,13,0,8,2
Naji Marshall,DAL,F,27,"6'6""",220,4,362,70,118,208
Nate Williams,HOU,G,26,"6'5""",205,2,27,8,7,9
Naz Reid,MIN,C-F,25,"6'9""",264,5,426,58,119,181
Neemias Queta,BOS,C,25,"7'0""",248,3,132,18,58,45
Nic Claxton,BKN,C,25,"6'11""",215,5,320,62,179,157
Nick Richards,PHX,C,27,"7'0""",245,4,205,14,118,49
Nick Smith Jr.,CHA,G,20,"6'2""",185,1,222,17,40,145
Nickeil Alexander-Walker,MIN,G,26,"6'5""",205,5,270,50,139,223
Nicolas Batum,LAC,G-F,36,"6'8""",230,16,104,52,21,84
Nikola Jokić,DEN,C,30,"6'11""",284,9,786,127,410,716
Nikola Jović,MIA,F,21,"6'10""",205,2,172,38,78,131
Nikola Vučević,CHI,C,34,"6'10""",260,13,550,61,164,256
Noah Clowney,BKN,F-C,20,"6'9""",210,1,133,24,82,40
Norman Powell,LAC,G,31,"6'4""",215,9,457,73,208,125
OG Anunoby,NYK,F-G,27,"6'7""",240,7,489,110,175,164
Obi Toppin,IND,F,27,"6'9""",220,4,317,46,89,128
Ochai Agbaji,TOR,G,24,"6'5""",215,2,266,58,48,98
Olivier-Maxence Prosper,DAL,F,22,"6'7""",230,1,70,26,53,40
Onyeka Okongwu,ATL,F-C,24,"6'10""",240,4,388,69,167,168
Oscar Tshiebwe,UTA,F-C,25,"6'8""",255,1,42,13,22,9
Oso Ighodaro,PHX,F,22,"7'0""",235,R,113,28,47,71
Ousmane Dieng,OKC,F,21,"6'9""",185,2,54,17,13,31
P.J. Tucker,NYK,F,39,"6'5""",245,13,3,1,1,0
P.J. Washington,DAL,F,26,"6'6""",230,5,301,63,158,131
PJ Hall,DEN,C,23,"6'10""",245,R,14,0,3,4
Pacôme Dadiet,NYK,F,19,"6'8""",210,R,10,3,6,5
Paolo Banchero,ORL,F,22,"6'10""",250,2,412,36,265,219
Pascal Siakam,IND,F,31,"6'8""",245,8,613,70,267,263
Pat Connaughton,MIL,G,32,"6'5""",209,9,83,9,31,70
Pat Spencer,GSW,G,28,"6'3""",205,1,41,14,19,48
Patrick Baldwin Jr.,LAC,F,22,"6'9""",220,2,19,3,3,3
Patrick Williams,CHI,F,23,"6'7""",215,4,205,48,67,124
Patty Mills,LAC,G,36,"6'2""",180,15,36,13,18,26
Paul George,PHI,F,34,"6'8""",220,14,245,75,110,178
Paul Reed,DET,F,25,"6'9""",210,4,72,39,34,44
Payton Pritchard,BOS,G,27,"6'1""",195,4,409,70,86,279
Pelle Larsson,MIA,G,24,"6'5""",215,R,89,32,55,65
Pete Nance,MIL,F,25,"6'10""",225,1,14,2,1,10
Peyton Watson,DEN,G,22,"6'7""",200,2,204,48,94,94
Precious Achiuwa,NYK,F,25,"6'8""",243,4,164,47,51,55
Quentin Grimes,PHI,G,24,"6'4""",210,3,384,74,174,228
Quenton Jackson,IND,G,26,"6'5""",173,2,58,21,44,53
Quinten Post,GSW,C,25,"7'0""",238,R,123,16,24,56
RJ Barrett,TOR,F-G,24,"6'6""",214,5,460,46,233,314
RayJ Dennis,IND,G,24,"6'2""",180,R,11,7,2,14
Rayan Rupert,POR,G-F,20,"6'6""",195,1,58,16,24,25
Reece Beekman,BKN,G,23,"6'3""",190,R,35,33,28,63
Reed Sheppard,HOU,G,20,"6'2""",185,R,84,35,11,75
Richaun Holmes,WAS,F,31,"6'9""",235,9,90,9,53,42
Ricky Council IV,PHI,G,23,"6'6""",207,1,177,32,117,97
Riley Minix,SAS,F,24,"6'7""",230,R,0,0,0,0
Rob Dillingham,MIN,G,20,"6'3""",175,R,93,20,28,98
Robert Williams III,POR,C-F,27,"6'9""",249,6,50,13,13,21
Ron Harper Jr.,DET,G-F,25,"6'4""",233,2,1,0,2,2
Ronald Holland II,DET,F,19,"6'8""",206,R,197,49,112,82
Royce O'Neale,PHX,F,31,"6'6""",226,7,241,67,31,163
Rudy Gobert,MIN,C,32,"7'1""",258,11,341,56,260,127
Rui Hachimura,LAL,F,27,"6'8""",230,5,293,45,85,83
Russell Westbrook,DEN,G,36,"6'4""",200,16,373,106,172,457
Ryan Dunn,PHX,F,22,"6'8""",216,R,205,44,28,57
Ryan Rollins,MIL,G,22,"6'3""",180,2,132,42,47,104
Sam Hauser,BOS,F,27,"6'7""",217,3,214,41,29,64
Sam Merrill,CLE,G,28,"6'4""",205,4,172,53,55,108
Sandro Mamukelashvili,SAS,F-C,25,"6'9""",240,3,141,21,43,48
Santi Aldama,MEM,F-C,24,"7'0""",215,3,313,52,83,188
Scoot Henderson,POR,G,21,"6'3""",206,1,287,68,182,335
Scottie Barnes,TOR,F-G,23,"6'7""",237,3,474,93,246,378
Scotty Pippen Jr.,MEM,G,24,"6'1""",170,2,285,103,186,347
Seth Curry,CHA,G,34,"6'1""",185,10,164,27,52,60
Shaedon Sharpe,POR,G,21,"6'5""",208,2,499,62,189,198
Shai Gilgeous-Alexander,OKC,G,26,"6'6""",195,6,860,131,467,486
Shake Milton,LAL,G,28,"6'5""",205,6,115,25,64,102
Sidy Cissoko,POR,G,21,"6'6""",200,1,13,2,7,15
Simone Fontecchio,DET,F,29,"6'7""",209,2,150,31,69,65
Spencer Dinwiddie,DAL,G,32,"6'5""",215,10,284,70,197,349
Spencer Jones,DEN,F,23,"6'7""",225,R,11,5,2,5
Stanley Umude,MIL,G,26,"6'6""",210,2,5,3,2,4
Stephen Curry,GSW,G,37,"6'2""",185,15,564,80,247,421
Stephon Castle,SAS,G,20,"6'6""",215,R,423,74,262,332
Steven Adams,HOU,C,31,"6'11""",265,10,91,22,103,66
Svi Mykhailiuk,UTA,G-F,27,"6'7""",205,6,118,19,30,76
T.J. McConnell,IND,G,33,"6'1""",190,9,324,83,95,351
Taj Gibson,CHA,F,39,"6'9""",232,15,47,9,20,21
Talen Horton-Tucker,CHI,G,24,"6'4""",234,5,133,21,67,83
Tari Eason,HOU,F,23,"6'8""",215,2,272,97,76,83
Taurean Prince,MIL,F,31,"6'6""",218,8,235,76,60,155
Taylor Hendricks,UTA,F,21,"6'9""",215,1,4,5,2,2
Terance Mann,ATL,G-F,28,"6'5""",215,5,205,47,64,121
Terence Davis,SAC,G,27,"6'4""",201,4,0,0,0,1
Terrence Shannon Jr.,MIN,G-F,24,"6'6""",215,R,55,7,16,32
Terry Rozier,MIA,G,31,"6'1""",190,9,248,37,98,167
Thomas Bryant,IND,C-F,27,"6'10""",248,7,163,28,62,53
Tidjane Salaün,CHA,F,19,"6'8""",207,R,114,29,79,74
Tim Hardaway Jr.,DET,G-F,33,"6'5""",205,11,276,38,151,123
Tobias Harris,DET,F,32,"6'8""",226,13,384,74,121,162
Tony Bradley,IND,C-F,27,"6'11""",248,6,29,2,10,6
Torrey Craig,BOS,F,34,"6'5""",221,7,38,8,10,17
Tosan Evbuomwan,BKN,F,24,"6'7""",217,1,94,24,59,55
Toumani Camara,POR,F,24,"6'7""",229,1,328,116,221,175
Trae Young,ATL,G,26,"6'1""",164,6,566,91,430,880
Trayce Jackson-Davis,GSW,F,25,"6'9""",245,1,174,23,75,104
Tre Jones,CHI,G,25,"6'1""",185,4,128,37,67,192
Tre Mann,CHA,G,24,"6'3""",178,3,70,7,21,39
Trendon Watford,BKN,G-F,24,"6'8""",237,3,164,27,106,115
Trentyn Flowers,LAC,F,20,"6'9""",185,R,4,0,2,0
Trevelin Queen,ORL,G,28,"6'5""",190,3,56,31,17,38
Trey Alexander,DEN,G,21,"6'4""",185,R,13,2,4,11
Trey Jemison III,LAL,C,25,"6'11""",270,1,41,9,20,16
Trey Lyles,SAC,F,29,"6'9""",234,9,157,41,79,82
Trey Murphy III,NOP,F,24,"6'8""",206,3,381,56,186,188
Tristan Thompson,CLE,C-F,34,"6'9""",254,13,31,2,22,24
Tristan Vukcevic,WAS,F,22,"7'0""",220,1,120,11,58,39
Tristan da Silva,ORL,F,23,"6'8""",217,R,199,33,57,113
Tristen Newton,MIN,G,23,"6'5""",190,R,1,1,1,2
Ty Jerome,CLE,G-F,27,"6'5""",195,5,319,78,124,237
TyTy Washington Jr.,PHX,G,23,"6'3""",195,2,14,3,4,16
Tyler Herro,MIA,G,25,"6'5""",195,5,651,69,227,424
Tyler Kolek,NYK,G,24,"6'3""",195,R,27,12,21,70
Tyler Smith,MIL,F,20,"6'9""",224,R,24,3,7,4
Tyrese Haliburton,IND,G,25,"6'5""",185,4,476,105,175,673
Tyrese Martin,BKN,F,26,"6'6""",215,1,189,34,50,122
Tyrese Maxey,PHI,G,24,"6'2""",200,4,477,91,224,317
Tyson Etienne,BKN,G,25,"6'2""",200,R,17,3,8,12
Tyus Jones,PHX,G,28,"6'1""",196,9,306,69,76,429
Ulrich Chomche,TOR,C,19,"6'11""",235,R,2,0,1,2
Vasilije Micić,PHX,G,31,"6'3""",188,1,95,15,48,128
Victor Wembanyama,SAS,F-C,21,"7'3""",235,1,408,52,226,168
Vince Williams Jr.,MEM,G,24,"6'4""",205,2,67,12,34,55
Vlatko Čančar,DEN,F,28,"6'8""",236,4,10,3,4,9
Vít Krejčí,ATL,G,24,"6'8""",195,3,145,36,41,147
Walker Kessler,UTA,C,23,"7'0""",245,2,278,36,129,97
Wendell Carter Jr.,ORL,C-F,25,"6'10""",270,6,226,52,177,134
Wendell Moore Jr.,CHA,G,23,"6'5""",215,2,59,20,19,42
Xavier Tillman,BOS,F,26,"6'7""",245,4,13,11,5,7
Yuki Kawamura,MEM,G,23,"5'8""",159,R,11,2,6,19
Yves Missi,NOP,C,20,"6'11""",235,R,269,37,166,99
Zaccharie Risacher,ATL,F,20,"6'8""",200,R,357,52,106,92
Zach Collins,CHI,F-C,27,"6'11""",250,6,153,29,84,111
Zach Edey,MEM,C,22,"7'4""",305,R,251,36,118,65
Zach LaVine,SAC,G,30,"6'5""",200,10,625,58,228,310
Zeke Nnaji,DEN,F-C,24,"6'9""",240,4,70,25,38,23
Ziaire Williams,BKN,F,23,"6'9""",185,3,214,62,116,84
Zion Williamson,NOP,F,24,"6'6""",284,4,288,37,170,159
Zyon Pullin,MEM,G,24,"6'4""",206,R,0,0,0,0
